{"cameraMode":{"drawMode":0,"name":"Shaded","section":"Shading Mode"},"sceneLighting":false,"audioPlay":false,"sceneViewState":{"m_AlwaysRefresh":false,"showFog":true,"showSkybox":false,"showFlares":true,"showImageEffects":true,"showParticleSystems":true,"showVisualEffectGraphs":true,"m_FxEnabled":true},"in2DMode":false,"pivot":{"x":77.02220153808594,"y":0.47420933842658999,"z":53.61130905151367},"rotation":{"x":0.08577092736959458,"y":0.7645569443702698,"z":-0.10412050783634186,"w":0.6302960515022278},"size":1.0046231746673585,"orthographic":false}